INSERT INTO Vendor (ID, Name, Phone) VALUES
(1, 'Wonka Coffee', '010-1234-5678'),
(2, 'Charlie Factory', '010-1111-2222'),
(3, 'Mammoth Factory', '010-1212-3434'),
(4, 'Haribo Korea', '010-2345-6789'),
(5, 'Sammies', '010-3333-4444'),
(6, 'Yakgwa Co.', '010-5555-6666'),
(7, 'Papico Ltd.', '010-7777-8888'),
(8, 'CU Foods', '010-3456-7890'),
(9, 'GS Hot', '010-0123-4567'),
(10, 'Emart Select', '010-0000-0000');

INSERT INTO Products (UPC, Name, Brand, Price, Vendor_ID) VALUES
(10000001, 'Wonka Americano', 'Wonka', 2.5, 1),
(10000002, 'Wonka Latte', 'Wonka', 2.8, 1),
(10000003, 'Charlie Americano', 'Charlie', 2.5, 2),
(10000004, 'Charlie Latte', 'Charlie', 2.9, 2),
(20000001, 'Mammoth Creambread', 'Mammoth', 3.0, 3),
(20000002, 'Charlie Cookie', 'Charlie', 1.5, 2),
(20000003, 'Haribo Jelly', 'Haribo', 1.2, 4),
(20000004, 'Egg Sandwich', 'Sammies', 2.8, 5),
(20000005, 'Yakgwa Cookie', 'Yakgwa Co.', 1.7, 6),
(20000006, 'Papico', 'Papico Ltd.', 1.9, 7),
(30000001, 'Bulgogi Kimbab', 'CU Foods', 3.5, 8),
(30000002, 'Buldak', 'GS Hot', 3.2, 9),
(30000003, 'Cheese Burger', 'GS Hot', 3.8, 9),
(30000004, 'Charlie Chocolate', 'Charlie', 2.2, 2),
(30000005, 'Curry Bowl', 'CU Foods', 3.4, 8),
(30000006, 'Carbonara Pasta', 'GS Hot', 4.0, 9),
(30000007, 'Spam Riceball', 'CU Foods', 2.0, 8),
(30000008, 'Jjajang Rice', 'CU Foods', 3.3, 8),
(30000009, 'Yubu Sushi', 'CU Foods', 3.6, 8),
(30000010, 'Fried Tofu Roll', 'CU Foods', 2.5, 8);

INSERT INTO Customer (ID, Name, Membership) VALUES
(1, 'seojin', 1),
(2, 'jangyeob', 1),
(3, 'minseok', 0),
(4, 'serim', 1),
(5, 'yujeong', 1),
(6, 'seunghyeon', 0),
(7, 'yujin', 0),
(8, 'woobin', 0),
(9, 'dujun', 1),
(10, 'yoseop', 1);

INSERT INTO Stores (ID, Name, Address, OperatingHours, isCorporate) VALUES
(1, 'CU Original', 'Seoul', '09:00-23:00', 1),
(2, 'GS25 Original', 'Seoul', '09:00-23:00', 1),
(3, 'Emart24 Original', 'Seoul', '09:00-23:00', 1),
(4, 'CU Sogangdaero', 'Seoul', '09:00-23:00', 0),
(5, 'CU SinchonStation', 'Seoul', '09:00-23:00', 0),
(6, 'CU Mapodaero', 'Seoul', '09:00-23:00', 0),
(7, 'GS25 Yonsei', 'Seoul', '09:00-23:00', 0),
(8, 'GS25 Ewha', 'Seoul', '09:00-23:00', 0),
(9, 'Emart24 Sinchon1', 'Seoul', '09:00-23:00', 0),
(10, 'Emart24 Sinchon2', 'Seoul', '09:00-23:00', 0);


INSERT INTO Inventory (Store_ID, UPC, Quantity, MinimumStock) VALUES
(1, 10000001, 20, 7), (1, 10000003, 15, 3), (1, 20000001, 10, 3), (1, 30000001, 8, 2), (1, 30000005, 12, 6),
(2, 10000002, 25, 8), (2, 20000002, 13, 1), (2, 20000004, 16, 5), (2, 30000003, 10, 17), (2, 30000006, 9, 10),
(2, 30000008, 14, 20), (2, 30000009, 11, 1), (2, 30000010, 15, 1), (3, 20000003, 12, 1), (3, 30000002, 7, 8), 
(3, 20000006, 6, 3), (4, 10000001, 18, 50), (4, 30000004, 9, 5), (4, 30000007, 10, 5), (5, 10000004, 11, 15), 
(5, 30000005, 8, 2), (6, 10000002, 20, 5), (6, 10000003, 20, 10), (6, 20000005, 10, 5), (6, 20000006, 12, 18),
(6, 30000001, 8, 5), (6, 30000003, 9, 1), (6, 30000006, 6, 10), (6, 30000007, 11, 12), (6, 30000008, 10, 20),
(6, 30000009, 9, 6), (6, 30000010, 14, 5), (7, 20000003, 5, 10), (7, 30000001, 10, 15), (7, 30000002, 7, 5), 
(7, 30000003, 12, 3), (8, 20000004, 10, 2), (8, 20000005, 6, 5), (8, 30000006, 8, 0), (8, 30000007, 9, 5), 
(8, 30000008, 7, 10), (9, 10000001, 15, 1), (9, 10000004, 10, 8), (9, 20000001, 12, 1), (9, 20000002, 7, 5),
(9, 20000003, 14, 2), (9, 20000005, 6, 5), (9, 20000006, 8, 10), (9, 30000001, 11, 0), (9, 30000002, 10, 5), 
(9, 30000003, 9, 5), (9, 30000004, 7, 5), (10, 20000003, 5, 3), (10, 20000006, 6, 0), (10, 30000008, 6, 5);



INSERT INTO SalesTransaction (ID, Store_ID, SalesDate, Customer_ID) VALUES
(1, 1, '2025-04-05', 1),
(2, 2, '2025-04-06', 2),
(3, 3, '2025-04-07', 3),
(4, 4, '2025-05-01', 4),
(5, 5, '2025-05-03', 5),
(6, 6, '2025-05-05', 6),
(7, 7, '2025-05-07', 7),
(8, 8, '2025-05-09', 8),
(9, 9, '2025-05-11', 9),
(10, 10, '2025-06-01', 10),
(11, 2, '2025-06-03', 1),
(12, 3, '2025-06-05', 2),
(13, 4, '2025-06-07', 3),
(14, 5, '2025-06-09', 4),
(15, 6, '2025-06-11', 5),
(16, 1, '2025-06-12', 1), -- Wonka Americano
(17, 1, '2025-06-13', 2), -- Wonka Americano
(18, 2, '2025-06-14', 4), -- Wonka Latte
(19, 2, '2025-06-15', 5), -- Wonka Latte
(20, 3, '2025-06-16', 9), -- Charlie Americano
(21, 3, '2025-06-17', 10),-- Charlie Americano
(22, 4, '2025-06-18', 1), -- Charlie Latte
(23, 4, '2025-06-19', 2); -- Charlie Latte



INSERT INTO SalesItem (Transaction_ID, UPC, Quantity) VALUES
(1, 10000001, 2), (1, 20000001, 1), (2, 10000002, 1), (2, 30000003, 2), (3, 20000003, 2), (4, 30000004, 3), (5, 20000005, 1),
(6, 30000006, 2), (7, 30000007, 1), (8, 30000008, 2), (9, 30000009, 1), (10, 30000010, 3), (11, 10000003, 1),
(12, 30000002, 2), (13, 10000004, 2), (14, 20000002, 1), (15, 30000001, 2),
(16, 10000001, 1), (16, 20000001, 1), (16, 30000001, 1),
(17, 10000001, 1), (17, 20000002, 1), (17, 30000002, 1),
(18, 10000002, 1), (18, 20000003, 1), (18, 30000003, 1),
(19, 10000002, 1), (19, 20000004, 1), (19, 30000004, 1),
(20, 10000003, 1), (20, 20000005, 1), (20, 30000005, 1),
(21, 10000003, 1), (21, 20000006, 1), (21, 30000006, 1),
(22, 10000004, 1), (22, 20000001, 1), (22, 30000001, 1),
(23, 10000004, 1), (23, 20000002, 1), (23, 30000002, 1);
